Original_Row_Index,Outer_Role,Full_Supervised_Role,Low_Resource_Role,Pipeline_Role
0,development,train,not_used,not_used
1,development,train,not_used,not_used
2,development,train,not_used,not_used
3,development,train,not_used,not_used
4,development,train,not_used,not_used
5,development,train,not_used,not_used
6,development,validation,train,configuration
7,development,train,not_used,not_used
8,development,train,not_used,not_used
9,development,train,not_used,not_used
10,final_test,test,test,test
11,development,train,not_used,not_used
12,development,train,not_used,not_used
13,development,train,not_used,not_used
14,development,train,not_used,not_used
15,development,train,not_used,not_used
16,development,train,not_used,not_used
17,development,train,not_used,not_used
18,development,train,not_used,not_used
19,development,train,not_used,not_used
20,development,train,not_used,not_used
21,development,train,not_used,not_used
22,development,train,not_used,not_used
23,final_test,test,test,test
24,development,train,not_used,not_used
25,final_test,test,test,test
26,development,train,not_used,not_used
27,development,validation,train,configuration
28,development,train,not_used,not_used
29,development,train,not_used,not_used
30,final_test,test,test,test
31,development,train,not_used,not_used
32,development,train,not_used,not_used
33,development,train,not_used,not_used
34,development,validation,train,configuration
35,development,train,not_used,not_used
36,development,train,not_used,not_used
37,development,train,not_used,not_used
38,development,train,not_used,not_used
39,final_test,test,test,test
40,development,train,not_used,not_used
41,development,train,not_used,not_used
42,development,validation,validation,configuration
43,development,train,not_used,not_used
44,final_test,test,test,test
45,development,train,not_used,not_used
46,development,train,not_used,not_used
47,development,train,not_used,not_used
48,development,train,not_used,not_used
49,development,validation,train,configuration
50,development,train,not_used,not_used
51,development,train,not_used,not_used
52,development,train,not_used,not_used
53,development,train,not_used,not_used
54,final_test,test,test,test
55,final_test,test,test,test
56,development,train,not_used,not_used
57,development,train,not_used,not_used
58,development,train,not_used,not_used
59,final_test,test,test,test
60,final_test,test,test,test
61,development,train,not_used,not_used
62,development,train,not_used,not_used
63,final_test,test,test,test
64,development,train,not_used,not_used
65,development,train,not_used,not_used
66,final_test,test,test,test
67,final_test,test,test,test
68,development,train,not_used,not_used
69,development,train,not_used,not_used
70,final_test,test,test,test
71,development,train,not_used,not_used
72,final_test,test,test,test
73,development,train,not_used,not_used
74,development,validation,train,configuration
75,development,train,not_used,not_used
76,final_test,test,test,test
77,development,train,not_used,not_used
78,final_test,test,test,test
79,development,train,not_used,not_used
80,development,train,not_used,not_used
81,development,validation,train,configuration
82,development,train,not_used,not_used
83,development,train,not_used,not_used
84,development,train,not_used,not_used
85,development,validation,train,configuration
86,final_test,test,test,test
87,development,train,not_used,not_used
88,final_test,test,test,test
89,development,train,not_used,not_used
90,development,train,not_used,not_used
91,development,train,not_used,not_used
92,development,train,not_used,not_used
93,development,train,not_used,not_used
94,development,train,not_used,not_used
95,development,train,not_used,not_used
96,final_test,test,test,test
97,development,train,not_used,not_used
98,development,train,not_used,not_used
99,development,train,not_used,not_used
100,development,train,not_used,not_used
101,final_test,test,test,test
102,development,train,not_used,not_used
103,development,train,not_used,not_used
104,development,validation,train,configuration
105,development,train,not_used,not_used
106,development,validation,validation,configuration
107,final_test,test,test,test
108,development,train,not_used,not_used
109,development,train,not_used,not_used
110,final_test,test,test,test
111,development,train,not_used,not_used
112,development,train,not_used,not_used
113,development,train,not_used,not_used
114,development,train,not_used,not_used
115,development,train,not_used,not_used
116,development,train,not_used,not_used
117,development,train,not_used,not_used
118,development,train,not_used,not_used
119,development,train,not_used,not_used
120,final_test,test,test,test
121,development,train,not_used,not_used
122,development,validation,train,configuration
123,development,train,not_used,not_used
124,development,train,not_used,not_used
125,development,train,not_used,not_used
126,development,train,not_used,not_used
127,development,train,not_used,not_used
128,development,train,not_used,not_used
129,development,train,not_used,not_used
130,development,train,not_used,not_used
131,development,train,not_used,not_used
132,development,train,not_used,not_used
133,development,train,not_used,not_used
134,development,train,not_used,not_used
135,development,train,not_used,not_used
136,final_test,test,test,test
137,final_test,test,test,test
138,development,validation,train,configuration
139,final_test,test,test,test
140,development,train,not_used,not_used
141,development,train,not_used,not_used
142,development,train,not_used,not_used
143,development,train,not_used,not_used
144,development,train,not_used,not_used
145,development,train,not_used,not_used
146,development,train,not_used,not_used
147,development,train,not_used,not_used
148,development,train,not_used,not_used
149,development,train,not_used,not_used
150,development,train,not_used,not_used
151,development,train,not_used,not_used
152,development,train,not_used,not_used
153,development,validation,train,configuration
154,development,validation,train,configuration
155,development,train,not_used,not_used
156,development,train,not_used,not_used
157,development,train,not_used,not_used
158,final_test,test,test,test
159,development,train,not_used,not_used
160,development,train,not_used,not_used
161,development,train,not_used,not_used
162,development,train,not_used,not_used
163,development,train,not_used,not_used
164,development,train,not_used,not_used
165,development,train,not_used,not_used
166,development,train,not_used,not_used
167,development,train,not_used,not_used
168,final_test,test,test,test
169,development,train,not_used,not_used
170,development,train,not_used,not_used
171,development,validation,train,configuration
172,development,train,not_used,not_used
173,development,train,not_used,not_used
174,final_test,test,test,test
175,development,train,not_used,not_used
176,development,train,not_used,not_used
177,development,train,not_used,not_used
178,development,train,not_used,not_used
179,development,train,not_used,not_used
180,development,train,not_used,not_used
181,development,train,not_used,not_used
182,development,train,not_used,not_used
183,development,train,not_used,not_used
184,final_test,test,test,test
185,development,train,not_used,not_used
186,development,train,not_used,not_used
187,development,train,not_used,not_used
188,development,train,not_used,not_used
189,development,train,not_used,not_used
190,development,train,not_used,not_used
191,development,train,not_used,not_used
192,development,train,not_used,not_used
193,development,train,not_used,not_used
194,development,train,not_used,not_used
195,development,validation,train,configuration
196,development,train,not_used,not_used
197,development,train,not_used,not_used
198,final_test,test,test,test
199,final_test,test,test,test
200,development,train,not_used,not_used
201,development,train,not_used,not_used
202,development,train,not_used,not_used
203,development,validation,train,configuration
204,development,train,not_used,not_used
205,development,train,not_used,not_used
206,development,train,not_used,not_used
207,development,train,not_used,not_used
208,final_test,test,test,test
209,final_test,test,test,test
210,final_test,test,test,test
211,development,train,not_used,not_used
212,development,train,not_used,not_used
213,final_test,test,test,test
214,development,train,not_used,not_used
215,final_test,test,test,test
216,development,train,not_used,not_used
217,development,train,not_used,not_used
218,final_test,test,test,test
219,development,train,not_used,not_used
220,development,train,not_used,not_used
221,final_test,test,test,test
222,development,train,not_used,not_used
223,development,train,not_used,not_used
224,development,train,not_used,not_used
225,development,train,not_used,not_used
226,development,train,not_used,not_used
227,development,train,not_used,not_used
228,development,train,not_used,not_used
229,development,train,not_used,not_used
230,development,train,not_used,not_used
231,development,train,not_used,not_used
232,development,train,not_used,not_used
233,development,train,not_used,not_used
234,development,train,not_used,not_used
235,final_test,test,test,test
236,development,train,not_used,not_used
237,final_test,test,test,test
238,development,train,not_used,not_used
239,development,train,not_used,not_used
240,development,train,not_used,not_used
241,development,train,not_used,not_used
242,development,train,not_used,not_used
243,development,train,not_used,not_used
244,final_test,test,test,test
245,development,train,not_used,not_used
246,development,train,not_used,not_used
247,final_test,test,test,test
248,development,train,not_used,not_used
249,development,train,not_used,not_used
250,development,train,not_used,not_used
251,development,train,not_used,not_used
252,development,train,not_used,not_used
253,development,train,not_used,not_used
254,final_test,test,test,test
255,development,train,not_used,not_used
256,final_test,test,test,test
257,development,train,not_used,not_used
258,development,validation,validation,configuration
259,final_test,test,test,test
260,final_test,test,test,test
261,final_test,test,test,test
262,development,train,not_used,not_used
263,development,train,not_used,not_used
264,development,train,not_used,not_used
265,final_test,test,test,test
266,development,validation,validation,configuration
267,development,train,not_used,not_used
268,development,validation,train,configuration
269,development,train,not_used,not_used
270,development,validation,validation,configuration
271,development,train,not_used,not_used
272,development,train,not_used,not_used
273,development,train,not_used,not_used
274,development,train,not_used,not_used
275,final_test,test,test,test
276,development,train,not_used,not_used
277,final_test,test,test,test
278,development,train,not_used,not_used
279,development,train,not_used,not_used
280,final_test,test,test,test
281,final_test,test,test,test
282,development,train,not_used,not_used
283,development,train,not_used,not_used
284,development,validation,train,configuration
285,development,train,not_used,not_used
286,development,validation,train,configuration
287,development,train,not_used,not_used
288,development,train,not_used,not_used
289,final_test,test,test,test
290,development,train,not_used,not_used
291,development,train,not_used,not_used
292,final_test,test,test,test
293,development,train,not_used,not_used
294,final_test,test,test,test
295,development,train,not_used,not_used
296,final_test,test,test,test
297,development,train,not_used,not_used
298,final_test,test,test,test
299,final_test,test,test,test
300,development,train,not_used,not_used
301,development,train,not_used,not_used
302,development,train,not_used,not_used
303,development,train,not_used,not_used
304,development,train,not_used,not_used
305,development,train,not_used,not_used
306,development,train,not_used,not_used
307,final_test,test,test,test
308,development,train,not_used,not_used
309,final_test,test,test,test
310,final_test,test,test,test
311,development,train,not_used,not_used
312,final_test,test,test,test
313,development,train,not_used,not_used
314,final_test,test,test,test
315,development,train,not_used,not_used
316,development,train,not_used,not_used
317,development,train,not_used,not_used
318,final_test,test,test,test
319,final_test,test,test,test
320,development,train,not_used,not_used
321,final_test,test,test,test
322,development,train,not_used,not_used
323,development,train,not_used,not_used
324,development,train,not_used,not_used
325,development,train,not_used,not_used
326,development,train,not_used,not_used
327,final_test,test,test,test
328,final_test,test,test,test
329,development,train,not_used,not_used
330,development,validation,train,configuration
331,development,train,not_used,not_used
332,final_test,test,test,test
333,development,validation,train,configuration
334,development,train,not_used,not_used
335,development,train,not_used,not_used
336,development,train,not_used,not_used
337,development,train,not_used,not_used
338,development,train,not_used,not_used
339,development,train,not_used,not_used
340,development,validation,train,configuration
341,development,validation,train,configuration
342,development,train,not_used,not_used
343,development,train,not_used,not_used
344,development,validation,validation,configuration
345,development,train,not_used,not_used
346,final_test,test,test,test
347,development,train,not_used,not_used
348,development,train,not_used,not_used
349,development,train,not_used,not_used
350,development,train,not_used,not_used
351,final_test,test,test,test
352,development,train,not_used,not_used
353,development,train,not_used,not_used
354,development,train,not_used,not_used
355,final_test,test,test,test
356,development,train,not_used,not_used
357,development,train,not_used,not_used
358,development,train,not_used,not_used
359,development,validation,train,configuration
360,development,validation,train,configuration
361,final_test,test,test,test
362,development,train,not_used,not_used
363,final_test,test,test,test
364,development,train,not_used,not_used
365,final_test,test,test,test
366,development,train,not_used,not_used
367,development,train,not_used,not_used
368,development,train,not_used,not_used
369,development,train,not_used,not_used
370,final_test,test,test,test
371,final_test,test,test,test
372,development,train,not_used,not_used
373,development,train,not_used,not_used
374,development,train,not_used,not_used
375,development,train,not_used,not_used
376,development,train,not_used,not_used
377,final_test,test,test,test
378,development,train,not_used,not_used
379,development,train,not_used,not_used
380,development,validation,validation,configuration
381,development,train,not_used,not_used
382,final_test,test,test,test
383,development,train,not_used,not_used
384,development,train,not_used,not_used
385,development,train,not_used,not_used
386,development,train,not_used,not_used
387,development,train,not_used,not_used
388,development,validation,train,configuration
389,development,train,not_used,not_used
390,development,train,not_used,not_used
391,development,train,not_used,not_used
392,development,train,not_used,not_used
393,development,train,not_used,not_used
394,development,train,not_used,not_used
395,development,train,not_used,not_used
396,development,train,not_used,not_used
397,development,train,not_used,not_used
398,development,train,not_used,not_used
399,development,train,not_used,not_used
400,development,validation,train,configuration
401,development,train,not_used,not_used
402,development,train,not_used,not_used
403,development,train,not_used,not_used
404,development,train,not_used,not_used
405,development,train,not_used,not_used
406,development,train,not_used,not_used
407,development,train,not_used,not_used
408,final_test,test,test,test
409,development,train,not_used,not_used
410,development,train,not_used,not_used
411,final_test,test,test,test
412,development,train,not_used,not_used
413,development,train,not_used,not_used
414,development,train,not_used,not_used
415,development,train,not_used,not_used
416,development,train,not_used,not_used
417,development,train,not_used,not_used
418,development,train,not_used,not_used
419,development,train,not_used,not_used
420,development,train,not_used,not_used
421,development,train,not_used,not_used
422,development,train,not_used,not_used
423,development,train,not_used,not_used
424,development,train,not_used,not_used
425,final_test,test,test,test
426,development,validation,train,configuration
427,development,train,not_used,not_used
428,development,train,not_used,not_used
429,final_test,test,test,test
430,development,train,not_used,not_used
431,development,train,not_used,not_used
432,final_test,test,test,test
433,development,train,not_used,not_used
434,development,train,not_used,not_used
435,development,train,not_used,not_used
436,final_test,test,test,test
437,development,train,not_used,not_used
438,development,validation,validation,configuration
439,final_test,test,test,test
440,development,train,not_used,not_used
441,development,train,not_used,not_used
442,development,train,not_used,not_used
443,development,validation,train,configuration
444,development,train,not_used,not_used
445,final_test,test,test,test
446,development,train,not_used,not_used
447,development,train,not_used,not_used
448,development,train,not_used,not_used
449,development,train,not_used,not_used
450,development,train,not_used,not_used
451,final_test,test,test,test
452,development,validation,train,configuration
453,development,train,not_used,not_used
454,development,train,not_used,not_used
455,development,train,not_used,not_used
456,development,train,not_used,not_used
457,development,train,not_used,not_used
458,development,train,not_used,not_used
459,development,train,not_used,not_used
460,development,train,not_used,not_used
461,development,train,not_used,not_used
462,final_test,test,test,test
463,development,train,not_used,not_used
464,development,train,not_used,not_used
465,development,train,not_used,not_used
466,development,train,not_used,not_used
467,development,train,not_used,not_used
468,development,train,not_used,not_used
469,development,train,not_used,not_used
470,development,validation,train,configuration
471,development,train,not_used,not_used
472,development,train,not_used,not_used
473,development,train,not_used,not_used
474,development,validation,train,configuration
475,development,train,not_used,not_used
476,development,train,not_used,not_used
477,development,train,not_used,not_used
478,development,train,not_used,not_used
479,final_test,test,test,test
480,development,train,not_used,not_used
481,development,train,not_used,not_used
482,development,train,not_used,not_used
483,development,train,not_used,not_used
484,development,train,not_used,not_used
485,development,train,not_used,not_used
486,final_test,test,test,test
487,development,train,not_used,not_used
488,development,train,not_used,not_used
489,development,validation,train,configuration
490,development,train,not_used,not_used
491,development,train,not_used,not_used
492,development,train,not_used,not_used
493,final_test,test,test,test
494,final_test,test,test,test
495,development,train,not_used,not_used
496,development,train,not_used,not_used
497,development,train,not_used,not_used
498,development,validation,train,configuration
499,final_test,test,test,test
500,development,train,not_used,not_used
501,development,train,not_used,not_used
502,development,train,not_used,not_used
503,development,train,not_used,not_used
504,development,validation,validation,configuration
505,development,train,not_used,not_used
506,development,train,not_used,not_used
507,development,train,not_used,not_used
508,development,validation,validation,configuration
509,development,train,not_used,not_used
510,development,train,not_used,not_used
511,development,train,not_used,not_used
512,development,validation,train,configuration
513,final_test,test,test,test
514,development,train,not_used,not_used
515,development,train,not_used,not_used
516,development,train,not_used,not_used
517,development,train,not_used,not_used
518,development,train,not_used,not_used
519,development,train,not_used,not_used
520,development,train,not_used,not_used
521,final_test,test,test,test
522,final_test,test,test,test
523,development,train,not_used,not_used
524,development,train,not_used,not_used
525,development,train,not_used,not_used
526,final_test,test,test,test
527,final_test,test,test,test
528,final_test,test,test,test
529,final_test,test,test,test
530,development,train,not_used,not_used
531,development,train,not_used,not_used
532,development,validation,train,configuration
533,development,train,not_used,not_used
534,final_test,test,test,test
535,development,train,not_used,not_used
536,development,train,not_used,not_used
537,development,train,not_used,not_used
538,development,train,not_used,not_used
539,development,train,not_used,not_used
540,development,validation,train,configuration
541,development,train,not_used,not_used
542,final_test,test,test,test
543,final_test,test,test,test
544,development,train,not_used,not_used
545,development,validation,train,configuration
546,development,train,not_used,not_used
547,development,train,not_used,not_used
548,final_test,test,test,test
549,final_test,test,test,test
550,development,train,not_used,not_used
551,development,train,not_used,not_used
552,development,train,not_used,not_used
553,development,train,not_used,not_used
554,final_test,test,test,test
555,development,train,not_used,not_used
556,development,train,not_used,not_used
557,development,train,not_used,not_used
558,development,train,not_used,not_used
559,final_test,test,test,test
560,development,train,not_used,not_used
561,development,train,not_used,not_used
562,development,train,not_used,not_used
563,development,train,not_used,not_used
564,development,train,not_used,not_used
565,development,train,not_used,not_used
566,development,train,not_used,not_used
567,development,validation,validation,configuration
568,development,train,not_used,not_used
569,development,validation,validation,configuration
570,final_test,test,test,test
571,development,train,not_used,not_used
572,development,train,not_used,not_used
573,development,train,not_used,not_used
574,development,validation,train,configuration
575,development,validation,train,configuration
576,development,train,not_used,not_used
577,development,train,not_used,not_used
578,final_test,test,test,test
579,development,validation,train,configuration
580,development,train,not_used,not_used
581,development,train,not_used,not_used
582,development,train,not_used,not_used
583,final_test,test,test,test
584,final_test,test,test,test
585,development,validation,train,configuration
586,development,train,not_used,not_used
587,development,train,not_used,not_used
588,development,train,not_used,not_used
589,final_test,test,test,test
590,final_test,test,test,test
591,development,train,not_used,not_used
592,development,train,not_used,not_used
593,development,train,not_used,not_used
594,development,train,not_used,not_used
595,final_test,test,test,test
596,development,train,not_used,not_used
597,development,train,not_used,not_used
598,development,train,not_used,not_used
599,final_test,test,test,test
600,development,train,not_used,not_used
601,final_test,test,test,test
602,development,train,not_used,not_used
603,development,train,not_used,not_used
604,final_test,test,test,test
605,development,train,not_used,not_used
606,development,train,not_used,not_used
607,development,train,not_used,not_used
608,development,train,not_used,not_used
609,development,train,not_used,not_used
610,development,train,not_used,not_used
611,development,train,not_used,not_used
612,development,train,not_used,not_used
613,final_test,test,test,test
614,development,train,not_used,not_used
615,development,train,not_used,not_used
616,development,train,not_used,not_used
617,final_test,test,test,test
618,development,train,not_used,not_used
619,development,validation,train,configuration
620,development,train,not_used,not_used
621,final_test,test,test,test
622,development,train,not_used,not_used
623,development,train,not_used,not_used
624,development,train,not_used,not_used
625,development,train,not_used,not_used
626,final_test,test,test,test
627,development,train,not_used,not_used
628,development,train,not_used,not_used
629,development,train,not_used,not_used
630,development,train,not_used,not_used
631,development,train,not_used,not_used
632,development,train,not_used,not_used
633,development,train,not_used,not_used
634,development,train,not_used,not_used
635,final_test,test,test,test
636,final_test,test,test,test
637,development,train,not_used,not_used
638,development,train,not_used,not_used
639,development,train,not_used,not_used
640,development,train,not_used,not_used
641,development,validation,train,configuration
642,development,train,not_used,not_used
643,final_test,test,test,test
644,final_test,test,test,test
645,development,train,not_used,not_used
646,development,train,not_used,not_used
647,development,train,not_used,not_used
648,development,train,not_used,not_used
649,final_test,test,test,test
650,final_test,test,test,test
651,development,train,not_used,not_used
652,final_test,test,test,test
653,development,train,not_used,not_used
654,development,train,not_used,not_used
655,development,train,not_used,not_used
656,final_test,test,test,test
657,development,train,not_used,not_used
658,development,train,not_used,not_used
659,development,train,not_used,not_used
660,final_test,test,test,test
661,development,train,not_used,not_used
662,final_test,test,test,test
663,development,train,not_used,not_used
664,development,train,not_used,not_used
665,development,train,not_used,not_used
666,development,train,not_used,not_used
667,development,train,not_used,not_used
668,final_test,test,test,test
669,development,train,not_used,not_used
670,final_test,test,test,test
671,development,train,not_used,not_used
672,development,train,not_used,not_used
673,development,train,not_used,not_used
674,development,train,not_used,not_used
675,development,train,not_used,not_used
676,development,train,not_used,not_used
677,final_test,test,test,test
678,final_test,test,test,test
679,final_test,test,test,test
680,development,train,not_used,not_used
681,development,train,not_used,not_used
682,development,train,not_used,not_used
683,development,train,not_used,not_used
684,development,validation,train,configuration
685,development,train,not_used,not_used
686,development,train,not_used,not_used
687,final_test,test,test,test
688,development,train,not_used,not_used
689,final_test,test,test,test
690,development,train,not_used,not_used
691,development,train,not_used,not_used
692,final_test,test,test,test
693,development,train,not_used,not_used
694,development,train,not_used,not_used
695,development,train,not_used,not_used
696,development,validation,validation,configuration
697,final_test,test,test,test
698,development,train,not_used,not_used
699,development,train,not_used,not_used
700,development,train,not_used,not_used
701,development,train,not_used,not_used
702,development,train,not_used,not_used
703,development,train,not_used,not_used
704,development,train,not_used,not_used
705,development,train,not_used,not_used
706,development,train,not_used,not_used
707,development,train,not_used,not_used
708,development,train,not_used,not_used
709,development,train,not_used,not_used
710,development,validation,train,configuration
711,development,train,not_used,not_used
712,development,train,not_used,not_used
713,final_test,test,test,test
714,final_test,test,test,test
715,development,train,not_used,not_used
716,final_test,test,test,test
717,development,train,not_used,not_used
718,development,train,not_used,not_used
719,development,train,not_used,not_used
720,development,train,not_used,not_used
721,final_test,test,test,test
722,development,train,not_used,not_used
723,development,train,not_used,not_used
724,development,validation,train,configuration
725,development,train,not_used,not_used
726,development,validation,train,configuration
727,development,train,not_used,not_used
728,development,train,not_used,not_used
729,development,train,not_used,not_used
730,development,train,not_used,not_used
731,development,train,not_used,not_used
732,development,train,not_used,not_used
733,development,train,not_used,not_used
734,development,train,not_used,not_used
735,development,train,not_used,not_used
736,development,train,not_used,not_used
737,final_test,test,test,test
738,development,train,not_used,not_used
739,development,train,not_used,not_used
740,final_test,test,test,test
741,final_test,test,test,test
742,development,validation,train,configuration
743,development,train,not_used,not_used
744,development,train,not_used,not_used
745,development,train,not_used,not_used
746,development,validation,train,configuration
747,development,train,not_used,not_used
748,development,train,not_used,not_used
749,final_test,test,test,test
750,development,train,not_used,not_used
751,development,train,not_used,not_used
752,development,train,not_used,not_used
753,final_test,test,test,test
754,development,train,not_used,not_used
755,development,train,not_used,not_used
756,development,train,not_used,not_used
757,development,validation,train,configuration
758,development,train,not_used,not_used
759,development,train,not_used,not_used
760,development,train,not_used,not_used
761,final_test,test,test,test
762,development,train,not_used,not_used
763,development,train,not_used,not_used
764,final_test,test,test,test
765,development,validation,train,configuration
766,development,train,not_used,not_used
767,final_test,test,test,test
768,development,validation,train,configuration
769,development,train,not_used,not_used
770,development,train,not_used,not_used
771,development,train,not_used,not_used
772,development,train,not_used,not_used
773,development,train,not_used,not_used
774,development,train,not_used,not_used
775,development,train,not_used,not_used
776,development,train,not_used,not_used
777,development,train,not_used,not_used
778,development,train,not_used,not_used
779,development,train,not_used,not_used
780,development,train,not_used,not_used
781,development,train,not_used,not_used
782,development,train,not_used,not_used
783,development,train,not_used,not_used
784,development,train,not_used,not_used
785,development,validation,train,configuration
786,development,train,not_used,not_used
787,final_test,test,test,test
788,development,train,not_used,not_used
789,development,train,not_used,not_used
790,development,validation,train,configuration
791,development,train,not_used,not_used
792,development,train,not_used,not_used
793,development,train,not_used,not_used
794,development,train,not_used,not_used
795,development,train,not_used,not_used
796,development,train,not_used,not_used
797,development,train,not_used,not_used
798,development,validation,train,configuration
799,development,train,not_used,not_used
800,final_test,test,test,test
801,development,train,not_used,not_used
802,final_test,test,test,test
803,development,train,not_used,not_used
804,development,train,not_used,not_used
805,development,train,not_used,not_used
806,development,train,not_used,not_used
807,development,train,not_used,not_used
808,development,train,not_used,not_used
809,development,train,not_used,not_used
810,final_test,test,test,test
811,final_test,test,test,test
812,development,train,not_used,not_used
813,development,train,not_used,not_used
814,development,train,not_used,not_used
815,development,train,not_used,not_used
816,final_test,test,test,test
817,development,train,not_used,not_used
818,development,train,not_used,not_used
819,development,train,not_used,not_used
820,final_test,test,test,test
821,development,train,not_used,not_used
822,final_test,test,test,test
823,final_test,test,test,test
824,development,train,not_used,not_used
825,development,train,not_used,not_used
826,final_test,test,test,test
827,development,train,not_used,not_used
828,development,train,not_used,not_used
829,final_test,test,test,test
830,development,train,not_used,not_used
831,development,train,not_used,not_used
832,development,train,not_used,not_used
833,development,train,not_used,not_used
834,development,train,not_used,not_used
835,development,train,not_used,not_used
836,development,train,not_used,not_used
837,final_test,test,test,test
838,development,train,not_used,not_used
839,development,train,not_used,not_used
840,development,train,not_used,not_used
841,development,train,not_used,not_used
842,development,validation,validation,configuration
843,development,validation,train,configuration
844,development,train,not_used,not_used
845,final_test,test,test,test
846,development,train,not_used,not_used
847,development,train,not_used,not_used
848,development,train,not_used,not_used
849,final_test,test,test,test
850,development,train,not_used,not_used
851,development,validation,train,configuration
852,development,train,not_used,not_used
853,development,train,not_used,not_used
854,development,train,not_used,not_used
855,development,validation,train,configuration
856,development,train,not_used,not_used
857,development,train,not_used,not_used
858,development,train,not_used,not_used
859,final_test,test,test,test
860,development,train,not_used,not_used
861,development,train,not_used,not_used
862,development,train,not_used,not_used
863,development,train,not_used,not_used
864,development,train,not_used,not_used
865,final_test,test,test,test
866,final_test,test,test,test
867,final_test,test,test,test
868,development,validation,train,configuration
869,development,train,not_used,not_used
870,development,train,not_used,not_used
871,development,train,not_used,not_used
872,development,train,not_used,not_used
873,development,train,not_used,not_used
874,development,train,not_used,not_used
875,development,train,not_used,not_used
876,development,train,not_used,not_used
877,development,train,not_used,not_used
878,development,train,not_used,not_used
879,final_test,test,test,test
880,development,train,not_used,not_used
881,development,train,not_used,not_used
882,development,train,not_used,not_used
883,final_test,test,test,test
884,final_test,test,test,test
885,development,train,not_used,not_used
886,development,train,not_used,not_used
887,development,train,not_used,not_used
888,development,train,not_used,not_used
889,development,train,not_used,not_used
890,development,train,not_used,not_used
891,development,train,not_used,not_used
892,final_test,test,test,test
893,final_test,test,test,test
894,development,train,not_used,not_used
895,development,train,not_used,not_used
896,development,train,not_used,not_used
897,development,train,not_used,not_used
898,development,train,not_used,not_used
899,final_test,test,test,test
900,development,train,not_used,not_used
901,final_test,test,test,test
902,final_test,test,test,test
903,development,train,not_used,not_used
904,development,train,not_used,not_used
905,development,validation,validation,configuration
906,development,validation,train,configuration
907,development,train,not_used,not_used
908,development,train,not_used,not_used
909,development,train,not_used,not_used
910,development,train,not_used,not_used
911,development,train,not_used,not_used
912,development,train,not_used,not_used
913,development,train,not_used,not_used
914,final_test,test,test,test
915,development,train,not_used,not_used
916,development,train,not_used,not_used
917,final_test,test,test,test
918,development,train,not_used,not_used
919,development,train,not_used,not_used
920,development,train,not_used,not_used
921,development,train,not_used,not_used
922,development,train,not_used,not_used
923,development,train,not_used,not_used
924,final_test,test,test,test
925,development,train,not_used,not_used
926,development,train,not_used,not_used
927,development,train,not_used,not_used
928,development,train,not_used,not_used
929,development,validation,train,configuration
930,development,train,not_used,not_used
931,development,train,not_used,not_used
932,development,train,not_used,not_used
933,development,train,not_used,not_used
934,development,train,not_used,not_used
935,development,train,not_used,not_used
936,final_test,test,test,test
937,development,train,not_used,not_used
938,final_test,test,test,test
939,development,train,not_used,not_used
940,development,train,not_used,not_used
941,final_test,test,test,test
942,final_test,test,test,test
943,development,train,not_used,not_used
944,development,train,not_used,not_used
945,development,train,not_used,not_used
946,development,train,not_used,not_used
947,final_test,test,test,test
948,final_test,test,test,test
949,development,train,not_used,not_used
950,development,train,not_used,not_used
951,development,train,not_used,not_used
952,development,train,not_used,not_used
953,development,train,not_used,not_used
954,development,train,not_used,not_used
955,development,train,not_used,not_used
956,development,train,not_used,not_used
957,development,train,not_used,not_used
958,development,train,not_used,not_used
959,final_test,test,test,test
960,development,train,not_used,not_used
961,development,train,not_used,not_used
962,development,train,not_used,not_used
963,development,train,not_used,not_used
964,development,train,not_used,not_used
965,development,train,not_used,not_used
966,development,train,not_used,not_used
967,development,validation,validation,configuration
968,development,train,not_used,not_used
969,development,train,not_used,not_used
970,development,train,not_used,not_used
971,development,train,not_used,not_used
972,development,train,not_used,not_used
973,final_test,test,test,test
974,final_test,test,test,test
975,development,train,not_used,not_used
976,development,train,not_used,not_used
977,final_test,test,test,test
978,final_test,test,test,test
979,development,train,not_used,not_used
980,development,train,not_used,not_used
981,development,train,not_used,not_used
982,development,train,not_used,not_used
983,development,train,not_used,not_used
984,development,train,not_used,not_used
985,final_test,test,test,test
986,final_test,test,test,test
987,development,train,not_used,not_used
988,development,train,not_used,not_used
989,final_test,test,test,test
990,development,train,not_used,not_used
991,development,train,not_used,not_used
992,development,validation,train,configuration
993,development,train,not_used,not_used
994,development,validation,train,configuration
995,final_test,test,test,test
996,development,train,not_used,not_used
997,development,validation,train,configuration
998,final_test,test,test,test
999,development,train,not_used,not_used
