config_id,exact_context_threshold,trigger_context_threshold,fuzzy_context_threshold,disable_regex,disable_fuzzy,micro_precision,micro_recall,micro_f1,micro_support,macro_precision,macro_recall,macro_f1,macro_support,weighted_precision,weighted_recall,weighted_f1,weighted_support
27,0.35,0.6,0.55,True,False,0.4875,0.6842105263157895,0.5693430656934307,57,0.5056547619047619,0.5004251700680272,0.4568753192976796,57,0.706578947368421,0.6842105263157895,0.633567779792036,57
28,0.35,0.6,0.55,True,True,0.4875,0.6842105263157895,0.5693430656934307,57,0.5056547619047619,0.5004251700680272,0.4568753192976796,57,0.706578947368421,0.6842105263157895,0.633567779792036,57
31,0.35,0.6,0.6,True,False,0.4875,0.6842105263157895,0.5693430656934307,57,0.5056547619047619,0.5004251700680272,0.4568753192976796,57,0.706578947368421,0.6842105263157895,0.633567779792036,57
32,0.35,0.6,0.6,True,True,0.4875,0.6842105263157895,0.5693430656934307,57,0.5056547619047619,0.5004251700680272,0.4568753192976796,57,0.706578947368421,0.6842105263157895,0.633567779792036,57
35,0.35,0.6,0.65,True,False,0.4875,0.6842105263157895,0.5693430656934307,57,0.5056547619047619,0.5004251700680272,0.4568753192976796,57,0.706578947368421,0.6842105263157895,0.633567779792036,57
36,0.35,0.6,0.65,True,True,0.4875,0.6842105263157895,0.5693430656934307,57,0.5056547619047619,0.5004251700680272,0.4568753192976796,57,0.706578947368421,0.6842105263157895,0.633567779792036,57
15,0.35,0.55,0.55,True,False,0.48148148148148145,0.6842105263157895,0.5652173913043478,57,0.5008928571428571,0.5004251700680272,0.45472478166327096,57,0.6878654970760234,0.6842105263157895,0.6251165441761145,57
16,0.35,0.55,0.55,True,True,0.48148148148148145,0.6842105263157895,0.5652173913043478,57,0.5008928571428571,0.5004251700680272,0.45472478166327096,57,0.6878654970760234,0.6842105263157895,0.6251165441761145,57
19,0.35,0.55,0.6,True,False,0.48148148148148145,0.6842105263157895,0.5652173913043478,57,0.5008928571428571,0.5004251700680272,0.45472478166327096,57,0.6878654970760234,0.6842105263157895,0.6251165441761145,57
20,0.35,0.55,0.6,True,True,0.48148148148148145,0.6842105263157895,0.5652173913043478,57,0.5008928571428571,0.5004251700680272,0.45472478166327096,57,0.6878654970760234,0.6842105263157895,0.6251165441761145,57
23,0.35,0.55,0.65,True,False,0.48148148148148145,0.6842105263157895,0.5652173913043478,57,0.5008928571428571,0.5004251700680272,0.45472478166327096,57,0.6878654970760234,0.6842105263157895,0.6251165441761145,57
24,0.35,0.55,0.65,True,True,0.48148148148148145,0.6842105263157895,0.5652173913043478,57,0.5008928571428571,0.5004251700680272,0.45472478166327096,57,0.6878654970760234,0.6842105263157895,0.6251165441761145,57
4,0.35,0.5,0.55,True,True,0.47560975609756095,0.6842105263157895,0.5611510791366907,57,0.5002164502164501,0.5004251700680272,0.4540640178202685,57,0.6855396065922381,0.6842105263157895,0.6228444439440357,57
8,0.35,0.5,0.6,True,True,0.47560975609756095,0.6842105263157895,0.5611510791366907,57,0.5002164502164501,0.5004251700680272,0.4540640178202685,57,0.6855396065922381,0.6842105263157895,0.6228444439440357,57
12,0.35,0.5,0.65,True,True,0.47560975609756095,0.6842105263157895,0.5611510791366907,57,0.5002164502164501,0.5004251700680272,0.4540640178202685,57,0.6855396065922381,0.6842105263157895,0.6228444439440357,57
3,0.35,0.5,0.55,True,False,0.4588235294117647,0.6842105263157895,0.5492957746478873,57,0.5002164502164501,0.5004251700680272,0.4540640178202685,57,0.6855396065922381,0.6842105263157895,0.6228444439440357,57
7,0.35,0.5,0.6,True,False,0.4588235294117647,0.6842105263157895,0.5492957746478873,57,0.5002164502164501,0.5004251700680272,0.4540640178202685,57,0.6855396065922381,0.6842105263157895,0.6228444439440357,57
11,0.35,0.5,0.65,True,False,0.4588235294117647,0.6842105263157895,0.5492957746478873,57,0.5002164502164501,0.5004251700680272,0.4540640178202685,57,0.6855396065922381,0.6842105263157895,0.6228444439440357,57
25,0.35,0.6,0.55,False,False,0.4482758620689655,0.6842105263157895,0.5416666666666666,57,0.4669240669240669,0.5004251700680272,0.44192586125359234,57,0.6611190137505927,0.6842105263157895,0.6114023918977479,57
26,0.35,0.6,0.55,False,True,0.4482758620689655,0.6842105263157895,0.5416666666666666,57,0.4669240669240669,0.5004251700680272,0.44192586125359234,57,0.6611190137505927,0.6842105263157895,0.6114023918977479,57
29,0.35,0.6,0.6,False,False,0.4482758620689655,0.6842105263157895,0.5416666666666666,57,0.4669240669240669,0.5004251700680272,0.44192586125359234,57,0.6611190137505927,0.6842105263157895,0.6114023918977479,57
30,0.35,0.6,0.6,False,True,0.4482758620689655,0.6842105263157895,0.5416666666666666,57,0.4669240669240669,0.5004251700680272,0.44192586125359234,57,0.6611190137505927,0.6842105263157895,0.6114023918977479,57
33,0.35,0.6,0.65,False,False,0.4482758620689655,0.6842105263157895,0.5416666666666666,57,0.4669240669240669,0.5004251700680272,0.44192586125359234,57,0.6611190137505927,0.6842105263157895,0.6114023918977479,57
34,0.35,0.6,0.65,False,True,0.4482758620689655,0.6842105263157895,0.5416666666666666,57,0.4669240669240669,0.5004251700680272,0.44192586125359234,57,0.6611190137505927,0.6842105263157895,0.6114023918977479,57
13,0.35,0.55,0.55,False,False,0.4431818181818182,0.6842105263157895,0.5379310344827586,57,0.4621621621621621,0.5004251700680272,0.43977532361918364,57,0.6424055634581951,0.6842105263157895,0.6029511562818264,57
14,0.35,0.55,0.55,False,True,0.4431818181818182,0.6842105263157895,0.5379310344827586,57,0.4621621621621621,0.5004251700680272,0.43977532361918364,57,0.6424055634581951,0.6842105263157895,0.6029511562818264,57
17,0.35,0.55,0.6,False,False,0.4431818181818182,0.6842105263157895,0.5379310344827586,57,0.4621621621621621,0.5004251700680272,0.43977532361918364,57,0.6424055634581951,0.6842105263157895,0.6029511562818264,57
18,0.35,0.55,0.6,False,True,0.4431818181818182,0.6842105263157895,0.5379310344827586,57,0.4621621621621621,0.5004251700680272,0.43977532361918364,57,0.6424055634581951,0.6842105263157895,0.6029511562818264,57
21,0.35,0.55,0.65,False,False,0.4431818181818182,0.6842105263157895,0.5379310344827586,57,0.4621621621621621,0.5004251700680272,0.43977532361918364,57,0.6424055634581951,0.6842105263157895,0.6029511562818264,57
22,0.35,0.55,0.65,False,True,0.4431818181818182,0.6842105263157895,0.5379310344827586,57,0.4621621621621621,0.5004251700680272,0.43977532361918364,57,0.6424055634581951,0.6842105263157895,0.6029511562818264,57
2,0.35,0.5,0.55,False,True,0.43820224719101125,0.6842105263157895,0.5342465753424658,57,0.4616541353383458,0.5004251700680272,0.4392366466099184,57,0.6406586642043706,0.6842105263157895,0.6010988634078617,57
6,0.35,0.5,0.6,False,True,0.43820224719101125,0.6842105263157895,0.5342465753424658,57,0.4616541353383458,0.5004251700680272,0.4392366466099184,57,0.6406586642043706,0.6842105263157895,0.6010988634078617,57
10,0.35,0.5,0.65,False,True,0.43820224719101125,0.6842105263157895,0.5342465753424658,57,0.4616541353383458,0.5004251700680272,0.4392366466099184,57,0.6406586642043706,0.6842105263157895,0.6010988634078617,57
1,0.35,0.5,0.55,False,False,0.42391304347826086,0.6842105263157895,0.523489932885906,57,0.4616541353383458,0.5004251700680272,0.4392366466099184,57,0.6406586642043706,0.6842105263157895,0.6010988634078617,57
5,0.35,0.5,0.6,False,False,0.42391304347826086,0.6842105263157895,0.523489932885906,57,0.4616541353383458,0.5004251700680272,0.4392366466099184,57,0.6406586642043706,0.6842105263157895,0.6010988634078617,57
9,0.35,0.5,0.65,False,False,0.42391304347826086,0.6842105263157895,0.523489932885906,57,0.4616541353383458,0.5004251700680272,0.4392366466099184,57,0.6406586642043706,0.6842105263157895,0.6010988634078617,57
63,0.4,0.6,0.55,True,False,0.4647887323943662,0.5789473684210527,0.515625,57,0.42772108843537415,0.4328231292517007,0.3914656771799629,57,0.631578947368421,0.5789473684210527,0.5521758942811573,57
64,0.4,0.6,0.55,True,True,0.4647887323943662,0.5789473684210527,0.515625,57,0.42772108843537415,0.4328231292517007,0.3914656771799629,57,0.631578947368421,0.5789473684210527,0.5521758942811573,57
67,0.4,0.6,0.6,True,False,0.4647887323943662,0.5789473684210527,0.515625,57,0.42772108843537415,0.4328231292517007,0.3914656771799629,57,0.631578947368421,0.5789473684210527,0.5521758942811573,57
68,0.4,0.6,0.6,True,True,0.4647887323943662,0.5789473684210527,0.515625,57,0.42772108843537415,0.4328231292517007,0.3914656771799629,57,0.631578947368421,0.5789473684210527,0.5521758942811573,57
71,0.4,0.6,0.65,True,False,0.4647887323943662,0.5789473684210527,0.515625,57,0.42772108843537415,0.4328231292517007,0.3914656771799629,57,0.631578947368421,0.5789473684210527,0.5521758942811573,57
72,0.4,0.6,0.65,True,True,0.4647887323943662,0.5789473684210527,0.515625,57,0.42772108843537415,0.4328231292517007,0.3914656771799629,57,0.631578947368421,0.5789473684210527,0.5521758942811573,57
51,0.4,0.55,0.55,True,False,0.4583333333333333,0.5789473684210527,0.5116279069767442,57,0.4222265829408686,0.4328231292517007,0.3893544878766554,57,0.6099865047233469,0.5789473684210527,0.5438792907032471,57
52,0.4,0.55,0.55,True,True,0.4583333333333333,0.5789473684210527,0.5116279069767442,57,0.4222265829408686,0.4328231292517007,0.3893544878766554,57,0.6099865047233469,0.5789473684210527,0.5438792907032471,57
55,0.4,0.55,0.6,True,False,0.4583333333333333,0.5789473684210527,0.5116279069767442,57,0.4222265829408686,0.4328231292517007,0.3893544878766554,57,0.6099865047233469,0.5789473684210527,0.5438792907032471,57
56,0.4,0.55,0.6,True,True,0.4583333333333333,0.5789473684210527,0.5116279069767442,57,0.4222265829408686,0.4328231292517007,0.3893544878766554,57,0.6099865047233469,0.5789473684210527,0.5438792907032471,57
59,0.4,0.55,0.65,True,False,0.4583333333333333,0.5789473684210527,0.5116279069767442,57,0.4222265829408686,0.4328231292517007,0.3893544878766554,57,0.6099865047233469,0.5789473684210527,0.5438792907032471,57
60,0.4,0.55,0.65,True,True,0.4583333333333333,0.5789473684210527,0.5116279069767442,57,0.4222265829408686,0.4328231292517007,0.3893544878766554,57,0.6099865047233469,0.5789473684210527,0.5438792907032471,57
40,0.4,0.5,0.55,True,True,0.4520547945205479,0.5789473684210527,0.5076923076923077,57,0.42143488695212833,0.4328231292517007,0.38864257520460976,57,0.6072641816743449,0.5789473684210527,0.5414313102870905,57
44,0.4,0.5,0.6,True,True,0.4520547945205479,0.5789473684210527,0.5076923076923077,57,0.42143488695212833,0.4328231292517007,0.38864257520460976,57,0.6072641816743449,0.5789473684210527,0.5414313102870905,57
48,0.4,0.5,0.65,True,True,0.4520547945205479,0.5789473684210527,0.5076923076923077,57,0.42143488695212833,0.4328231292517007,0.38864257520460976,57,0.6072641816743449,0.5789473684210527,0.5414313102870905,57
39,0.4,0.5,0.55,True,False,0.4342105263157895,0.5789473684210527,0.49624060150375954,57,0.42143488695212833,0.4328231292517007,0.38864257520460976,57,0.6072641816743449,0.5789473684210527,0.5414313102870905,57
43,0.4,0.5,0.6,True,False,0.4342105263157895,0.5789473684210527,0.49624060150375954,57,0.42143488695212833,0.4328231292517007,0.38864257520460976,57,0.6072641816743449,0.5789473684210527,0.5414313102870905,57
47,0.4,0.5,0.65,True,False,0.4342105263157895,0.5789473684210527,0.49624060150375954,57,0.42143488695212833,0.4328231292517007,0.38864257520460976,57,0.6072641816743449,0.5789473684210527,0.5414313102870905,57
61,0.4,0.6,0.55,False,False,0.4342105263157895,0.5789473684210527,0.49624060150375954,57,0.42424242424242425,0.4328231292517007,0.3882090553823077,57,0.6196172248803827,0.5789473684210527,0.5409776859944833,57
62,0.4,0.6,0.55,False,True,0.4342105263157895,0.5789473684210527,0.49624060150375954,57,0.42424242424242425,0.4328231292517007,0.3882090553823077,57,0.6196172248803827,0.5789473684210527,0.5409776859944833,57
65,0.4,0.6,0.6,False,False,0.4342105263157895,0.5789473684210527,0.49624060150375954,57,0.42424242424242425,0.4328231292517007,0.3882090553823077,57,0.6196172248803827,0.5789473684210527,0.5409776859944833,57
66,0.4,0.6,0.6,False,True,0.4342105263157895,0.5789473684210527,0.49624060150375954,57,0.42424242424242425,0.4328231292517007,0.3882090553823077,57,0.6196172248803827,0.5789473684210527,0.5409776859944833,57
69,0.4,0.6,0.65,False,False,0.4342105263157895,0.5789473684210527,0.49624060150375954,57,0.42424242424242425,0.4328231292517007,0.3882090553823077,57,0.6196172248803827,0.5789473684210527,0.5409776859944833,57
70,0.4,0.6,0.65,False,True,0.4342105263157895,0.5789473684210527,0.49624060150375954,57,0.42424242424242425,0.4328231292517007,0.3882090553823077,57,0.6196172248803827,0.5789473684210527,0.5409776859944833,57
49,0.4,0.55,0.55,False,False,0.42857142857142855,0.5789473684210527,0.49253731343283574,57,0.4187479187479187,0.4328231292517007,0.3860978660790001,57,0.5980247822353085,0.5789473684210527,0.5326810824165731,57
50,0.4,0.55,0.55,False,True,0.42857142857142855,0.5789473684210527,0.49253731343283574,57,0.4187479187479187,0.4328231292517007,0.3860978660790001,57,0.5980247822353085,0.5789473684210527,0.5326810824165731,57
53,0.4,0.55,0.6,False,False,0.42857142857142855,0.5789473684210527,0.49253731343283574,57,0.4187479187479187,0.4328231292517007,0.3860978660790001,57,0.5980247822353085,0.5789473684210527,0.5326810824165731,57
54,0.4,0.55,0.6,False,True,0.42857142857142855,0.5789473684210527,0.49253731343283574,57,0.4187479187479187,0.4328231292517007,0.3860978660790001,57,0.5980247822353085,0.5789473684210527,0.5326810824165731,57
57,0.4,0.55,0.65,False,False,0.42857142857142855,0.5789473684210527,0.49253731343283574,57,0.4187479187479187,0.4328231292517007,0.3860978660790001,57,0.5980247822353085,0.5789473684210527,0.5326810824165731,57
58,0.4,0.55,0.65,False,True,0.42857142857142855,0.5789473684210527,0.49253731343283574,57,0.4187479187479187,0.4328231292517007,0.3860978660790001,57,0.5980247822353085,0.5789473684210527,0.5326810824165731,57
38,0.4,0.5,0.55,False,True,0.4230769230769231,0.5789473684210527,0.4888888888888889,57,0.4181749622926093,0.4328231292517007,0.38552795726441047,57,0.5960546161784552,0.5789473684210527,0.530721395966405,57
42,0.4,0.5,0.6,False,True,0.4230769230769231,0.5789473684210527,0.4888888888888889,57,0.4181749622926093,0.4328231292517007,0.38552795726441047,57,0.5960546161784552,0.5789473684210527,0.530721395966405,57
46,0.4,0.5,0.65,False,True,0.4230769230769231,0.5789473684210527,0.4888888888888889,57,0.4181749622926093,0.4328231292517007,0.38552795726441047,57,0.5960546161784552,0.5789473684210527,0.530721395966405,57
37,0.4,0.5,0.55,False,False,0.4074074074074074,0.5789473684210527,0.47826086956521735,57,0.4181749622926093,0.4328231292517007,0.38552795726441047,57,0.5960546161784552,0.5789473684210527,0.530721395966405,57
41,0.4,0.5,0.6,False,False,0.4074074074074074,0.5789473684210527,0.47826086956521735,57,0.4181749622926093,0.4328231292517007,0.38552795726441047,57,0.5960546161784552,0.5789473684210527,0.530721395966405,57
45,0.4,0.5,0.65,False,False,0.4074074074074074,0.5789473684210527,0.47826086956521735,57,0.4181749622926093,0.4328231292517007,0.38552795726441047,57,0.5960546161784552,0.5789473684210527,0.530721395966405,57
99,0.45,0.6,0.55,True,False,0.42857142857142855,0.42105263157894735,0.4247787610619469,57,0.40064102564102566,0.35279304029304026,0.33969679443363654,57,0.5833333333333334,0.42105263157894735,0.4459005568146841,57
100,0.45,0.6,0.55,True,True,0.42857142857142855,0.42105263157894735,0.4247787610619469,57,0.40064102564102566,0.35279304029304026,0.33969679443363654,57,0.5833333333333334,0.42105263157894735,0.4459005568146841,57
103,0.45,0.6,0.6,True,False,0.42857142857142855,0.42105263157894735,0.4247787610619469,57,0.40064102564102566,0.35279304029304026,0.33969679443363654,57,0.5833333333333334,0.42105263157894735,0.4459005568146841,57
104,0.45,0.6,0.6,True,True,0.42857142857142855,0.42105263157894735,0.4247787610619469,57,0.40064102564102566,0.35279304029304026,0.33969679443363654,57,0.5833333333333334,0.42105263157894735,0.4459005568146841,57
107,0.45,0.6,0.65,True,False,0.42857142857142855,0.42105263157894735,0.4247787610619469,57,0.40064102564102566,0.35279304029304026,0.33969679443363654,57,0.5833333333333334,0.42105263157894735,0.4459005568146841,57
108,0.45,0.6,0.65,True,True,0.42857142857142855,0.42105263157894735,0.4247787610619469,57,0.40064102564102566,0.35279304029304026,0.33969679443363654,57,0.5833333333333334,0.42105263157894735,0.4459005568146841,57
87,0.45,0.55,0.55,True,False,0.42105263157894735,0.42105263157894735,0.42105263157894735,57,0.39294871794871794,0.35279304029304026,0.3375666169188436,57,0.5552631578947369,0.42105263157894735,0.4381272774624574,57
88,0.45,0.55,0.55,True,True,0.42105263157894735,0.42105263157894735,0.42105263157894735,57,0.39294871794871794,0.35279304029304026,0.3375666169188436,57,0.5552631578947369,0.42105263157894735,0.4381272774624574,57
91,0.45,0.55,0.6,True,False,0.42105263157894735,0.42105263157894735,0.42105263157894735,57,0.39294871794871794,0.35279304029304026,0.3375666169188436,57,0.5552631578947369,0.42105263157894735,0.4381272774624574,57
92,0.45,0.55,0.6,True,True,0.42105263157894735,0.42105263157894735,0.42105263157894735,57,0.39294871794871794,0.35279304029304026,0.3375666169188436,57,0.5552631578947369,0.42105263157894735,0.4381272774624574,57
95,0.45,0.55,0.65,True,False,0.42105263157894735,0.42105263157894735,0.42105263157894735,57,0.39294871794871794,0.35279304029304026,0.3375666169188436,57,0.5552631578947369,0.42105263157894735,0.4381272774624574,57
96,0.45,0.55,0.65,True,True,0.42105263157894735,0.42105263157894735,0.42105263157894735,57,0.39294871794871794,0.35279304029304026,0.3375666169188436,57,0.5552631578947369,0.42105263157894735,0.4381272774624574,57
76,0.45,0.5,0.55,True,True,0.41379310344827586,0.42105263157894735,0.4173913043478261,57,0.39230769230769236,0.35279304029304026,0.3370475678167986,57,0.5532163742690058,0.42105263157894735,0.4364699627857522,57
80,0.45,0.5,0.6,True,True,0.41379310344827586,0.42105263157894735,0.4173913043478261,57,0.39230769230769236,0.35279304029304026,0.3370475678167986,57,0.5532163742690058,0.42105263157894735,0.4364699627857522,57
84,0.45,0.5,0.65,True,True,0.41379310344827586,0.42105263157894735,0.4173913043478261,57,0.39230769230769236,0.35279304029304026,0.3370475678167986,57,0.5532163742690058,0.42105263157894735,0.4364699627857522,57
75,0.45,0.5,0.55,True,False,0.39344262295081966,0.42105263157894735,0.4067796610169491,57,0.39230769230769236,0.35279304029304026,0.3370475678167986,57,0.5532163742690058,0.42105263157894735,0.4364699627857522,57
79,0.45,0.5,0.6,True,False,0.39344262295081966,0.42105263157894735,0.4067796610169491,57,0.39230769230769236,0.35279304029304026,0.3370475678167986,57,0.5532163742690058,0.42105263157894735,0.4364699627857522,57
83,0.45,0.5,0.65,True,False,0.39344262295081966,0.42105263157894735,0.4067796610169491,57,0.39230769230769236,0.35279304029304026,0.3370475678167986,57,0.5532163742690058,0.42105263157894735,0.4364699627857522,57
97,0.45,0.6,0.55,False,False,0.38095238095238093,0.42105263157894735,0.4,57,0.39702233250620356,0.35279304029304026,0.3365478965478965,57,0.5717789096396907,0.42105263157894735,0.4358461811093389,57
98,0.45,0.6,0.55,False,True,0.38095238095238093,0.42105263157894735,0.4,57,0.39702233250620356,0.35279304029304026,0.3365478965478965,57,0.5717789096396907,0.42105263157894735,0.4358461811093389,57
101,0.45,0.6,0.6,False,False,0.38095238095238093,0.42105263157894735,0.4,57,0.39702233250620356,0.35279304029304026,0.3365478965478965,57,0.5717789096396907,0.42105263157894735,0.4358461811093389,57
102,0.45,0.6,0.6,False,True,0.38095238095238093,0.42105263157894735,0.4,57,0.39702233250620356,0.35279304029304026,0.3365478965478965,57,0.5717789096396907,0.42105263157894735,0.4358461811093389,57
105,0.45,0.6,0.65,False,False,0.38095238095238093,0.42105263157894735,0.4,57,0.39702233250620356,0.35279304029304026,0.3365478965478965,57,0.5717789096396907,0.42105263157894735,0.4358461811093389,57
106,0.45,0.6,0.65,False,True,0.38095238095238093,0.42105263157894735,0.4,57,0.39702233250620356,0.35279304029304026,0.3365478965478965,57,0.5717789096396907,0.42105263157894735,0.4358461811093389,57
85,0.45,0.55,0.55,False,False,0.375,0.42105263157894735,0.39669421487603307,57,0.3893300248138958,0.35279304029304026,0.3344177190331037,57,0.5437087342010941,0.42105263157894735,0.4280729017571122,57
86,0.45,0.55,0.55,False,True,0.375,0.42105263157894735,0.39669421487603307,57,0.3893300248138958,0.35279304029304026,0.3344177190331037,57,0.5437087342010941,0.42105263157894735,0.4280729017571122,57
89,0.45,0.55,0.6,False,False,0.375,0.42105263157894735,0.39669421487603307,57,0.3893300248138958,0.35279304029304026,0.3344177190331037,57,0.5437087342010941,0.42105263157894735,0.4280729017571122,57
90,0.45,0.55,0.6,False,True,0.375,0.42105263157894735,0.39669421487603307,57,0.3893300248138958,0.35279304029304026,0.3344177190331037,57,0.5437087342010941,0.42105263157894735,0.4280729017571122,57
93,0.45,0.55,0.65,False,False,0.375,0.42105263157894735,0.39669421487603307,57,0.3893300248138958,0.35279304029304026,0.3344177190331037,57,0.5437087342010941,0.42105263157894735,0.4280729017571122,57
94,0.45,0.55,0.65,False,True,0.375,0.42105263157894735,0.39669421487603307,57,0.3893300248138958,0.35279304029304026,0.3344177190331037,57,0.5437087342010941,0.42105263157894735,0.4280729017571122,57
74,0.45,0.5,0.55,False,True,0.36923076923076925,0.42105263157894735,0.39344262295081966,57,0.3889423076923077,0.35279304029304026,0.33404610996584244,57,0.5424707602339182,0.42105263157894735,0.4268863605248044,57
78,0.45,0.5,0.6,False,True,0.36923076923076925,0.42105263157894735,0.39344262295081966,57,0.3889423076923077,0.35279304029304026,0.33404610996584244,57,0.5424707602339182,0.42105263157894735,0.4268863605248044,57
82,0.45,0.5,0.65,False,True,0.36923076923076925,0.42105263157894735,0.39344262295081966,57,0.3889423076923077,0.35279304029304026,0.33404610996584244,57,0.5424707602339182,0.42105263157894735,0.4268863605248044,57
73,0.45,0.5,0.55,False,False,0.35294117647058826,0.42105263157894735,0.38399999999999995,57,0.3889423076923077,0.35279304029304026,0.33404610996584244,57,0.5424707602339182,0.42105263157894735,0.4268863605248044,57
77,0.45,0.5,0.6,False,False,0.35294117647058826,0.42105263157894735,0.38399999999999995,57,0.3889423076923077,0.35279304029304026,0.33404610996584244,57,0.5424707602339182,0.42105263157894735,0.4268863605248044,57
81,0.45,0.5,0.65,False,False,0.35294117647058826,0.42105263157894735,0.38399999999999995,57,0.3889423076923077,0.35279304029304026,0.33404610996584244,57,0.5424707602339182,0.42105263157894735,0.4268863605248044,57
