Total_Label_Budget,Repeat,Original_Row_Index,Role
80,0,49,supervised_train
80,0,540,supervised_train
80,0,785,supervised_train
80,0,843,supervised_train
80,0,512,supervised_train
80,0,330,supervised_train
80,0,724,supervised_train
80,0,470,supervised_train
80,0,619,supervised_train
80,0,195,supervised_train
80,0,359,supervised_train
80,0,842,supervised_validation
80,0,438,supervised_validation
80,0,992,supervised_train
80,0,270,supervised_validation
80,0,344,supervised_validation
80,0,567,supervised_validation
80,0,790,supervised_train
80,0,855,supervised_train
80,0,443,supervised_train
80,0,171,supervised_train
80,0,284,supervised_train
80,0,906,supervised_train
80,0,765,supervised_train
80,0,757,supervised_train
80,0,498,supervised_train
80,0,286,supervised_train
80,0,798,supervised_train
80,0,696,supervised_validation
80,0,153,supervised_train
80,0,742,supervised_train
80,0,154,supervised_train
80,0,851,supervised_train
80,0,34,supervised_train
80,0,388,supervised_train
80,0,27,supervised_train
80,0,574,supervised_train
80,0,726,supervised_train
80,0,569,supervised_validation
80,0,575,supervised_train
80,0,106,supervised_validation
80,0,994,supervised_train
80,0,474,supervised_train
80,0,360,supervised_train
80,0,426,supervised_train
80,0,585,supervised_train
80,0,452,supervised_train
80,0,768,supervised_train
80,0,905,supervised_validation
80,0,268,supervised_train
80,0,81,supervised_train
80,0,997,supervised_train
80,0,122,supervised_train
80,0,6,supervised_train
80,0,929,supervised_train
80,0,266,supervised_validation
80,0,203,supervised_train
80,0,85,supervised_train
80,0,258,supervised_validation
80,0,400,supervised_train
80,0,489,supervised_train
80,0,967,supervised_validation
80,0,340,supervised_train
80,0,641,supervised_train
80,0,508,supervised_validation
80,0,341,supervised_train
80,0,579,supervised_train
80,0,545,supervised_train
80,0,504,supervised_validation
80,0,104,supervised_train
80,0,746,supervised_train
80,0,868,supervised_train
80,0,684,supervised_train
80,0,138,supervised_train
80,0,333,supervised_train
80,0,380,supervised_validation
80,0,74,supervised_train
80,0,710,supervised_train
80,0,42,supervised_validation
80,0,532,supervised_train
