Review_ID,Token_Index,Token,A1,A2,A3
2,7,ഇടാൻ,B-phone,O,O
5,3,5g,B-network,B-network,B-phone
5,4,യില്,O,B-design,O
6,7,പക്ഷെ,O,O,B-price
14,11,quality,O,B-camera,B-camera
15,1,display,B-design,O,B-design
17,6,7,B-phone,O,O
17,11,14pro,O,I-phone,O
18,11,നല്ലതുപോലെ,O,B-software,O
20,27,ഫോണിന്റെ,O,B-camera,O
20,33,ബാധിച്ചു,B-os,O,B-phone
20,52,iphone,B-phone,O,B-phone
26,7,is,B-phone,O,O
26,14,il,O,B-phone,O
26,30,pro,B-phone,O,B-phone
26,79,ios,O,B-os,B-os
26,80,within,O,B-os,O
31,5,not,B-phone,O,O
33,1,bഇത്,O,B-camera,O
33,2,apple,O,B-phone,O
35,2,support,O,B-software,O
37,2,9,O,B-phone,O
41,9,upayogichathupinna,O,O,B-phone
41,18,kandu,O,B-camera,O
44,4,ദാസാ,B-camera,O,O
47,5,കിട്ടിഫുൾ,B-software,B-phone,O
50,1,ക്യാമറ,B-camera,O,B-camera
50,5,യിൽ,O,B-camera,O
50,8,പോലും,O,B-camera,O
57,4,guys,B-phone,O,O
58,12,c,O,O,B-hardware
65,9,s22,O,B-phone,B-phone
65,18,പ്രതീക്ഷിക്കുന്നു,B-phone,O,O
70,3,കൃഷ്ണ,B-phone,O,B-phone
70,14,ഇട്ടു,O,B-camera,B-camera
72,7,സൂപ്പർ,B-camera,O,O
74,22,ഒരു,O,B-speaker,O
74,30,ക്യാമറ,B-camera,B-camera,O
74,40,set,B-processor,O,O
74,43,snapdragon,B-processor,B-processor,O
75,10,കാണിച്ച,O,B-phone,O
75,22,screen,B-display,O,B-display
75,23,shot,O,B-display,O
78,10,ഉള്ളത്,O,O,B-camera
78,16,12,O,O,B-phone
80,1,വില,B-price,O,B-price
87,6,ചിന്തിച്ചിരുന്നു,O,O,B-phone
87,27,ചെയ്യുക,B-phone,O,O
87,28,apple,B-phone,O,B-phone
87,29,music,O,O,B-price
88,27,ഫോണുകളുടെയും,B-camera,O,O
88,29,എന്ന,O,B-camera,O
88,37,used,O,O,B-phone
88,39,7plus,O,O,B-phone
88,45,ഉപയോഗിക്കുന്നു,B-camera,O,B-camera
88,46,ക്യാമറക്ക്,B-camera,O,O
88,61,ഐ,B-camera,O,O
88,62,phone,B-phone,O,O
88,69,മാറി,O,O,B-phone
88,72,യിലേക്ക്,O,B-phone,O
93,127,oke,B-phone,O,O
96,2,ഈ,O,B-camera,B-camera
98,7,but,B-phone,O,O
106,19,ആവറേജ്,O,O,B-camera
109,23,android,B-os,B-applications,B-os
109,26,8k,O,B-camera,O
109,27,video,B-price,B-camera,B-camera
111,12,ഒരു,B-camera,O,O
111,13,വീഡിയോ,B-camera,B-camera,B-phone
115,3,ഒരു,O,B-software,O
115,4,iphone,B-phone,B-display,B-phone
118,3,audio,O,B-phone,O
120,4,100mbസബാഷ്,B-camera,B-camera,O
129,9,apple,B-phone,O,B-phone
130,26,samsung,B-phone,B-memory,B-phone
132,2,നിന്ന്,O,O,B-os
135,4,ലേക്ക്,O,B-phone,B-phone
136,14,pro,O,B-phone,B-phone
136,43,price,B-price,O,B-price
136,44,hike,B-price,O,B-price
138,10,processor,B-processor,B-processor,O
139,12,quality,B-camera,O,B-camera
139,18,adutt,O,B-phone,O
139,19,iphone,B-phone,O,B-phone
142,41,ക്യാമറ,B-camera,O,B-camera
142,43,ലെൻസ്,B-camera,O,B-camera
146,7,iphone,B-phone,B-phone,O
149,2,short,B-processor,O,O
149,10,6,O,O,B-camera
150,29,ക്യാമറ,B-camera,B-camera,O
152,2,x3,B-phone,O,O
152,8,തുടങ്ങിയിട്ട്,B-applications,O,O
152,13,പല,B-software,O,O
156,19,full,B-os,O,O
158,2,10,O,B-camera,O
158,9,ക്യാമറ,B-os,B-camera,B-camera
159,7,നോക്കിയപ്പോൾ,B-network,O,O
160,4,performance,O,B-general,B-general
160,15,ചെയ്ത്,O,B-camera,O
160,21,varum,O,O,B-camera
161,1,pixel,B-camera,O,B-camera
164,1,gaming,B-applications,B-applications,O
164,12,ന്റ,O,B-tablet,O
164,13,ടാബ്,O,B-tablet,O
164,14,6th,O,I-tablet,O
164,15,gen,O,I-tablet,O
170,7,യുമായി,O,B-phone,O
171,6,display,B-phone,B-design,B-design
177,1,ente,O,B-phone,O
179,16,only,B-camera,O,O
184,9,തന്നെ,B-phone,O,O
184,11,പോലുള്ള,O,O,B-applications
184,74,എടുത്തവർ,B-phone,O,O
184,90,ന്റെ,O,B-general,O
184,98,മാറും,O,O,B-phone
184,99,display,B-display,O,B-display
184,107,ആയിരിക്കുംapple,O,B-display,O
185,9,ഇപ്പൊ144,B-software,O,O
186,4,z,O,B-phone,O
195,2,എത്,O,B-camera,O
198,2,update,B-software,B-software,O
203,16,ok,O,O,B-phone
205,3,കണ്ട്,O,O,B-camera
207,9,update,O,B-software,B-software
208,7,njan,O,O,B-camera
214,22,ഫ്രണ്ട്,B-camera,O,O
217,12,ഒരു,O,O,B-phone
222,21,samsung,B-phone,O,B-phone
232,8,picture,O,O,B-camera
232,10,ആണ്,O,B-camera,O
235,2,പോരാ,B-phone,O,O
237,6,ഒരു,B-camera,O,O
237,8,ചെയ്യാമോ,B-camera,O,O
246,1,pixel,O,B-camera,B-camera
246,3,pro,B-phone,B-phone,O
254,2,video,B-camera,B-camera,O
255,1,software,O,O,B-camera
257,12,anuspeaker,B-software,O,O
257,16,പോകുംpinne,B-display,O,O
262,3,സോഫ്റ്റ്വെയർ,B-software,B-design,B-software
263,2,curved,B-design,O,B-design
266,5,സമയത്ത്,B-camera,O,O
266,7,ചെയ്തൂടെ,O,O,B-camera
267,3,കയ്യിലുണ്ട്,O,B-camera,O
267,5,ശോകം,B-camera,O,O
268,5,charger,B-battery,B-battery,O
273,8,with,O,B-network,B-network
273,9,jio,B-network,B-network,B-phone
274,13,നിർത്തിയാൽ,B-phone,O,O
290,1,amoled,O,B-display,B-display
291,1,ഇത്രയും,B-price,O,B-camera
292,10,range,O,B-price,O
292,17,ഉള്ളതുമായ,O,B-camera,O
293,3,8,O,O,B-phone
293,4,pro,B-phone,O,B-phone
295,7,പൊളിയല്ലേ,B-price,O,B-phone
298,12,neo,O,B-phone,O
304,11,ഇതിനേക്കാൾ,B-price,O,O
307,6,xs,O,B-display,B-price
307,11,പോലെ,B-phone,O,O
307,13,11,O,B-camera,O
308,1,ഐഫോണിൽ,O,O,B-phone
308,3,type,O,O,I-hardware
308,4,c,O,O,I-hardware
308,10,ചാർജിങ്,O,O,B-hardware
308,11,പോർട്ട്,O,O,I-hardware
311,11,gaming,B-applications,B-applications,O
312,8,ഫോട്ടോ,O,B-camera,B-camera
316,10,from,B-phone,O,O
317,5,13,O,O,B-phone
319,5,മെടച്ചു,O,O,B-phone
321,5,പറ്റാ,O,B-network,O
322,17,ram,O,B-memory,B-memory
322,24,ips,O,O,B-phone
338,18,എടുക്കാൻ,O,B-camera,O
340,1,apple,B-phone,O,B-phone
342,15,ellam,B-battery,O,O
342,25,kurach,O,B-software,O
345,4,software,B-software,O,O
347,13,with,B-os,O,O
347,14,android,B-os,B-os,O
347,35,better,O,O,B-memory
350,2,samsung,B-phone,B-phone,O
355,3,phone,O,O,B-design
362,12,iphone,B-phone,B-phone,O
366,4,oru,O,B-camera,O
367,6,ond,B-phone,O,O
367,8,cheriya,B-phone,O,O
367,13,s23,B-phone,O,B-phone
369,10,വരുമ്പോ,O,O,B-phone
371,5,max,O,O,B-phone
375,1,moto,O,O,B-phone
375,2,g32,O,O,I-phone
375,4,glass,O,O,I-display
375,5,പൊട്ടി,O,B-display,O
391,9,മോഡൽ,B-phone,O,O
391,32,ഇടുന്ന,O,O,B-camera
392,13,iphone,B-phone,O,O
392,14,nte,B-phone,O,O
394,2,is,O,O,B-phone
395,35,infinix,O,B-price,O
397,3,sound,O,O,B-camera
400,8,വേണമെങ്കിൽ,O,B-phone,O
401,2,um,O,B-camera,O
403,9,2,O,O,B-phone
409,7,കണക്കാ,O,O,B-display
410,1,pixel,B-camera,B-camera,O
416,1,apple,B-phone,B-design,B-phone
422,1,apple,O,B-phone,B-phone
422,2,ജനങ്ങളെ,O,O,B-phone
423,5,price,B-price,O,B-price
434,3,ക്യാമറ,B-camera,B-camera,O
436,9,വന്നിട്ടില്ല,O,O,B-software
439,2,കൂടെ,O,O,B-network
445,2,12,B-phone,O,O
448,14,gaming,B-applications,B-applications,O
448,18,graphics,O,B-price,O
450,33,വളരെ,O,B-camera,O
450,34,കുറവാണു,B-phone,O,O
455,13,quality,B-camera,O,B-camera
456,3,video,B-camera,O,B-camera
459,2,s,O,O,I-phone
459,3,series,O,O,I-phone
467,12,bt,B-phone,O,O
473,5,ക്യാമറ,B-camera,O,B-camera
478,6,118999,B-memory,O,O
478,11,13pro,O,B-phone,O
478,15,ഐഫോൺ,B-design,B-phone,B-phone
479,2,എനിക്ക്,B-phone,O,O
481,24,aanuscreen,O,B-camera,O
481,25,quality,B-camera,O,B-camera
481,57,very,B-price,O,O
482,24,aan,O,B-network,O
485,3,വീഡിയോ,B-camera,O,B-camera
486,10,11,O,B-phone,O
486,11,pro,O,I-phone,O
486,12,max,O,I-phone,O
487,56,samsung,O,O,B-phone
489,28,mp,B-phone,B-camera,B-camera
495,1,5g,B-network,B-network,O
498,20,1,O,O,B-display
498,21,processor,B-processor,B-processor,O
498,26,pro,B-phone,O,B-phone
498,41,matty,O,O,B-camera
501,9,ക്യാമറ,O,B-camera,B-camera
502,6,update,B-software,O,O
503,12,sound,B-camera,O,O
505,5,കാണുന്നത്,B-camera,O,O
512,4,iphone,O,B-phone,B-phone
512,5,7,O,B-phone,B-phone
512,34,ios,B-software,B-software,O
514,5,വീഡിയോ,B-camera,B-camera,O
514,6,കാണുന്ന,B-camera,O,O
515,1,build,O,B-network,O
515,3,ഒക്കെ,O,O,B-phone
515,11,and,O,O,B-processor
520,2,s23,O,B-phone,O
520,3,in,O,B-phone,O
520,9,poco,O,B-phone,O
520,10,f1,O,I-phone,O
520,11,exchange,O,B-phone,O
520,34,use,B-speaker,O,O
522,1,samsunginte,B-phone,O,O
522,9,phonukal,B-phone,O,O
522,10,irakki,B-speaker,O,O
522,14,samsungin,B-phone,O,O
522,19,സാംസങ്,B-phone,O,O
522,20,യൂസറാണ്,O,B-applications,O
522,23,20,B-phone,O,O
522,24,ultra,B-phone,O,O
524,6,നല്ലത്,B-phone,O,O
526,2,ഡിസൈൻ,O,B-camera,O
528,1,വീഡിയോ,B-camera,O,B-camera
534,36,years,B-software,O,O
542,1,samsung,O,B-phone,B-phone
542,2,note,O,O,B-phone
547,14,gb,O,B-memory,B-memory
547,15,ഇപ്പൊ,O,B-memory,B-memory
554,6,ഒരുനാൾ,O,B-phone,O
559,4,വീഡിയോ,B-phone,B-camera,B-camera
567,5,pro,B-phone,O,B-phone
567,6,m1,O,B-phone,B-phone
570,17,price,B-price,B-display,B-price
572,5,update,O,B-network,O
578,2,mi,B-phone,B-phone,O
579,40,ക്ലാരിറ്റി,B-camera,O,B-camera
580,3,5g,B-network,O,B-network
580,4,ചതിയിൽ,O,B-phone,O
580,9,ടച്ച്,O,O,B-display
580,11,വർക്ക്,O,O,B-phone
581,12,iphone11,O,O,B-phone
583,3,1080p,O,O,B-design
586,3,തൊട്ടു,O,O,B-phone
589,11,ഈ,O,B-camera,O
589,12,വീഡിയോ,O,B-camera,B-camera
591,7,os,B-os,B-os,O
591,13,5g,B-phone,B-network,B-network
593,2,stereo,B-hardware,O,O
593,3,speakers,I-hardware,O,O
593,5,വീഡിയോ,O,B-camera,B-camera
593,6,ഓഡിയോ,B-speaker,O,O
597,5,ഫോൾഡ്,O,B-phone,O
605,7,drain,B-battery,O,B-battery
607,4,13,O,B-phone,O
613,13,ആദ്യത്തെ,O,B-phone,O
618,13,ഒട്ടും,O,O,B-software
618,15,ഇല്ലെന്ന്,B-camera,O,O
622,3,വേണ്ടത്,B-display,O,O
622,5,യുടെ,O,B-display,O
623,2,pixel,B-camera,O,O
623,3,6,O,O,B-phone
623,4,pro,B-phone,B-phone,I-phone
623,6,cam,O,O,B-camera
623,7,4k,O,O,I-camera
623,11,ultra,O,O,B-camera
623,12,wide,O,O,I-camera
623,16,4k,O,O,B-camera
623,21,4k,O,O,B-camera
623,27,hdr,O,O,B-camera
624,18,display,B-design,B-design,O
630,5,earbuds,O,O,B-hardware
630,7,speakers,O,O,B-speaker
633,14,quality,B-display,B-camera,B-camera
633,20,but,O,B-network,O
634,3,ഫോണിന്റെ,O,B-network,B-price
637,53,യൂട്യൂബിൽ,O,O,B-phone
637,81,camera,B-camera,O,O
639,3,aayathu,O,B-design,O
642,16,display,O,B-design,O
642,29,40k,O,B-camera,O
644,3,11,B-phone,O,B-phone
645,1,ബ്രോ,O,B-phone,O
645,3,9,O,O,I-phone
645,4,pro,B-phone,B-phone,I-phone
654,5,ഇപ്പോ,O,O,B-camera
657,3,എപ്പോളും,O,B-display,B-display
662,6,പോരാ,O,B-memory,O
663,5,ഇല്ല,O,O,B-network
664,1,ഞാൻ,O,O,B-phone
665,2,moto,O,B-phone,B-phone
665,3,40,O,O,B-phone
666,2,9k,O,B-price,O
667,3,pro,B-phone,O,B-phone
667,4,touch,B-display,B-design,B-display
667,5,issues,O,B-display,O
670,2,ക്യാമറ,O,O,B-camera
670,3,ആണ്,B-camera,O,O
670,7,low,O,B-price,B-price
672,8,campro,B-camera,O,O
673,28,and,B-software,O,O
679,5,pixel,B-phone,B-camera,B-camera
683,16,പെട്ടതാണ്,O,B-phone,O
683,44,ഫോണിന്റെ,O,B-camera,O
683,57,സാംസങ്,O,O,B-camera
683,58,ഐഫോൺ,O,B-phone,B-phone
687,99,ഒരു,O,B-software,B-software
695,9,shoot,O,B-camera,O
697,2,min,O,O,B-network
703,5,ഫോണിലും,O,B-network,O
706,4,കണ്ടതിനു,O,O,B-camera
706,6,iphone,B-phone,B-phone,O
708,30,range,O,B-price,O
708,45,അവകാശപ്പെടുന്നുണ്ട്qhd,O,B-design,O
709,10,software,O,B-software,O
710,8,14,B-phone,O,O
712,1,വീഡിയോ,O,B-camera,B-camera
712,2,പ്ലേ,B-camera,O,O
713,6,പറഞ്ഞത്,O,B-camera,O
713,7,വീഡിയോ,O,B-camera,B-camera
714,8,and,B-camera,O,O
716,3,vs,O,B-phone,O
716,4,mi,B-phone,O,B-phone
718,7,she,O,B-camera,O
718,8,വീഡിയോ,B-display,B-camera,B-camera
721,10,with,B-camera,O,B-os
726,6,screen,B-display,O,B-display
730,14,quality,B-camera,B-display,B-camera
730,15,ഇല്ല,B-camera,O,O
737,27,ഫോണാ,O,O,B-network
741,20,ക്യാമറ,B-camera,B-camera,B-phone
741,21,യില്,B-camera,O,O
744,18,tane,O,B-design,B-camera
749,5,amoled,O,B-display,B-display
750,29,pinne,O,O,B-general
751,16,apple,O,B-phone,B-phone
754,1,5g,B-network,B-network,O
754,5,എന്നതിനാ,O,B-network,O
754,7,മൊബൈൽ,O,O,B-network
756,79,സ്ക്രീൻ,B-display,B-display,O
759,4,ക്യാമറ,B-camera,O,B-camera
761,15,over,O,B-battery,B-battery
761,40,display,B-design,O,B-design
767,5,p,O,B-display,B-display
770,3,quality,O,B-camera,B-camera
770,4,ഉള്ള,B-os,O,O
770,6,phone,O,O,B-os
771,1,20000,O,B-price,O
773,2,13,O,O,I-phone
773,3,pro,O,O,I-phone
778,6,അണ്,B-price,O,O
796,11,ഐഫോൺ,O,B-phone,B-phone
796,12,എടുക്കണോ,O,O,B-phone
798,6,സ്പീക്കർ,O,B-speaker,O
800,1,google,B-camera,O,O
800,5,njanclean,B-camera,O,O
803,6,ഏതാണ്,O,O,B-phone
811,41,10,O,O,B-phone
811,43,നല്ല,O,O,B-phone
812,2,ഒഴികെ,O,B-phone,O
813,35,replacement,B-hardware,O,O
814,8,വരുന്നു,O,O,B-camera
815,1,samsung,B-phone,O,B-phone
822,26,samsung,B-phone,B-phone,B-battery
822,60,ചെയ്യുമ്പോൾ,O,B-battery,O
824,6,ok,B-phone,O,O
828,4,tharumo,O,O,B-phone
839,2,ൻറ്റ,B-phone,O,O
841,9,note,O,O,B-phone
841,18,display,B-design,B-design,O
850,5,തള്ളി,B-software,O,O
850,9,warranty,B-general,B-general,O
854,1,ഈ,B-camera,O,O
854,2,വീഡിയോ,O,O,B-camera
859,4,stock,B-os,O,O
859,6,എങ്കിലും,B-applications,O,O
860,9,a53,B-display,O,O
860,10,5g,O,B-network,B-network
860,11,എടുത്തു,O,B-network,O
861,1,pixel,B-camera,O,B-camera
863,9,ഇടുന്നത്,B-price,O,O
866,7,ഉം,O,O,B-camera
866,9,ശോകം,O,O,B-phone
869,1,dual,B-speaker,O,B-speaker
872,9,drain,B-battery,B-processor,B-battery
875,3,സ്ക്രീൻ,O,O,B-display
875,4,പച്ച,B-display,O,O
878,16,ക്യാമറ,O,B-camera,B-camera
884,1,bro,O,B-phone,O
884,2,samsung,O,B-phone,B-phone
884,23,amoled,B-display,B-display,O
888,10,and,O,O,B-camera
891,1,samsung,O,B-phone,B-phone
893,4,ആണോ,O,O,B-phone
901,17,airpods,O,B-phone,B-phone
901,19,nokkaayirunnu,B-phone,O,O
902,6,ഉപയോഗിക്കുന്നു,O,B-phone,O
904,1,ആപ്പിൾ,O,O,B-phone
904,2,ഫോണിൽ,O,O,B-phone
904,4,എടുത്താൽമഞ്ഞ,B-camera,O,O
906,5,a50,O,O,B-design
909,5,13,O,O,B-phone
909,8,size,B-general,B-general,O
909,9,വരെ,O,O,B-general
912,7,video,B-camera,O,B-camera
913,1,samsung,B-phone,O,B-phone
918,1,ക്യാമറ,B-phone,B-camera,B-camera
925,4,is,O,B-phone,O
931,2,nalla,B-phone,O,O
931,5,പക്ഷേ,B-general,O,O
931,6,service,O,B-general,B-general
936,13,അതിൻ്റെ,O,B-camera,O
936,14,portrait,B-camera,O,B-camera
936,16,നല്ലതല്ല,O,O,B-display
939,8,ന്,O,O,B-software
939,27,lag,B-software,B-software,O
939,31,camera,B-camera,O,B-camera
940,13,എന്റെ,O,B-phone,B-phone
940,14,s8,B-phone,B-phone,O
941,6,7,O,B-phone,B-phone
941,7,pro,O,B-phone,B-phone
941,8,അല്ലെങ്കിൽ,B-phone,O,O
942,2,കയ്യിൽ,B-phone,O,O
942,8,issue,O,B-software,O
944,7,xr,O,O,B-phone
946,4,5g,B-network,B-network,O
949,12,അത്രോള്ളുvooc,B-processor,O,O
952,2,അല്പം,O,B-software,O
954,6,user,B-os,O,O
955,3,പറഞ്ഞിട്ട്,O,O,B-phone
955,6,തന്നെയാണ്,O,B-general,O
955,39,experience,O,B-phone,O
955,52,update,B-software,B-software,O
955,54,തോറും,O,B-camera,O
958,6,ഉണ്ട്,B-software,O,O
963,7,അതും,O,O,B-display
963,9,disply,O,I-display,O
971,7,ഏതാണ്,B-phone,O,B-phone
972,20,nalla,O,O,B-phone
972,32,pixel,O,B-camera,B-camera
972,33,fan,B-camera,O,O
972,51,256,O,O,B-memory
972,82,stock,O,B-os,B-phone
976,12,is,B-camera,O,O
977,32,പറയുന്നുണ്ട്,O,B-price,O
987,8,update,O,B-software,B-software
992,2,quality,O,O,B-camera
995,2,ഐഫോൺ,O,O,B-phone
996,1,pro,B-camera,B-processor,B-phone
999,1,ക്യാമറ,O,B-camera,B-camera
